insert into seat (id, band) values ('1','A');
insert into seat (id, band) values ('2','A');
insert into seat (id, band) values ('3','A');
insert into seat (id, band) values ('4','A');
insert into seat (id, band) values ('5','A');
insert into seat (id, band) values ('6','A');
insert into seat (id, band) values ('7','B');
insert into seat (id, band) values ('8','B');
insert into seat (id, band) values ('9','B');
insert into seat (id, band) values ('10','B');
insert into seat (id, band) values ('11','B');
insert into seat (id, band) values ('12','B');
insert into seat (id, band) values ('13','C');
insert into seat (id, band) values ('14','C');
insert into seat (id, band) values ('15','B');
insert into seat (id, band) values ('16','B');
insert into seat (id, band) values ('17','C');
insert into seat (id, band) values ('18','C');
insert into seat (id, band) values ('19','C');
insert into seat (id, band) values ('20','C');
insert into seat (id, band) values ('21','C');
insert into seat (id, band) values ('22','C');
insert into seat (id, band) values ('23','C');
insert into seat (id, band) values ('24','C');
insert into payment (id, date, amount, pay_type) values ('1','2021-03-13','45','3');
insert into payment (id, date, amount, pay_type) values ('2','2021-03-13','90','3');
insert into payment (id, date, amount, pay_type) values ('3','2021-03-13','40','3');
insert into payment (id, date, amount, pay_type) values ('4','2021-03-13','70','3');
insert into booking (id, payment_id, seat_id, performance_id) values ('1','1','1','1');
insert into booking (id, payment_id, seat_id, performance_id) values ('2','2','2','1');
insert into booking (id, payment_id, seat_id, performance_id) values ('3','2','3','1');
insert into booking (id, payment_id, seat_id, performance_id) values ('4','3','4','4');
insert into booking (id, payment_id, seat_id, performance_id) values ('5','4','5','7');
insert into booking (id, payment_id, seat_id, performance_id) values ('6','4','6','7');